block,inflation,stakingRatio,bondedAmount,totalSupply
0.0,0.1,0.6,500000000.0,1000000000.0
52596.0,0.10027480820872592,0.6,500500896.024085,1000834826.7068021
105192.0,0.1005494814170094,0.6,501003586.2093221,1001672643.6821911
157788.0,0.10082401936828206,0.6,501508073.68308485,1002513456.1384624
210384.0,0.10109842180699151,0.6,502014361.58472717,1003357269.3078663
262980.0,0.10137268847860195,0.6,502522453.065606,1004204088.44267
315576.0,0.1016468191295942,0.6,503032351.289114,1005053918.8151814
368172.0,0.1019208135074678,0.6,503544059.43070483,1005906765.7178353
