block,agent_0,agent_1,agent_2,agent_3,agent_4,agent_5,agent_6,agent_7,agent_8,agent_9
0.0,253492059.4095551,46772482.64607203,35443343.33695509,31552090.64450623,24913047.89472546,24178352.886611655,23809371.043993562,22313087.125817407,20392007.760149833,17134157.25161362
52596.0,253730259.11906925,46803559.637008764,35463069.09460061,31567917.560578335,24922222.820649713,24186791.684730895,23817440.140685257,22319657.02055182,20396652.829047833,17135538.11657301
105192.0,253969433.09381068,46834803.43723337,35482917.4094077,31583851.834404476,24931479.17192792,24195309.03845396,23825586.35172095,22326298.185078207,20401361.66391537,17136970.022191957
157788.0,254209583.35679394,46866214.33235744,35502888.47177073,31599893.623673838,24940817.050451778,24203905.043496046,23833809.769714862,22333010.69943531,20406134.328645375,17138453.004982155
