block,inflation,stakingRatio,annualProvision,blockProvision
0.0,0.1,0.6,100000000.0,15.844043907014475
52596.0,0.10027480820872592,0.6,100358513.47421747,15.900846939282054
105192.0,0.1005494814170094,0.6,100717658.03753655,15.957749961583984
157788.0,0.10082401936828206,0.6,101077429.27241752,16.01475227400333
