block,inflation,stakingRatio,bondedAmount,totalSupply
0.0,0.1,0.6,500000000.0,1000000000.0
52596.0,0.10027480820872592,0.6,500500896.024085,1000834826.7068021
105192.0,0.1005494814170094,0.6,501003586.2093221,1001672643.6821911
157788.0,0.10082401936828206,0.6,501508073.68308485,1002513456.1384624
